,Ticker,Title,Article,Summary,Link,Date
0,AMZN,"4 Top Stock Trades for Thursday: AMZN, SBUX, COIN, U",,,https://investorplace.com/2021/08/4-top-stock-trades-for-thursday-amzn-sbux-coin-u/,2021-08-04 00:00:00
1,AMZN,Amazon’s Initiatives and Incoming CEO Make the Stock Attractive,,,https://investorplace.com/2021/05/amazon-initiatives-incoming-ceo-make-amzn-stock-attractive/,2021-05-20 18:41:16+00:00
2,AMZN,AMZN Stock: Amazon Finds Some Footing After a Dramatic Drop,,,https://investorplace.com/2021/05/amzn-stock-amazon-finds-some-footing-after-a-dramatic-drop/,2021-05-14 19:18:07+00:00
3,AMZN,"AMZN Stock Still a Big Winner, But Facing Stiff Investment Headwinds",,,https://investorplace.com/2021/07/amzn-stock-amazon-still-a-big-winner-but-facing-stiff-investment-headwinds/,2021-07-12 18:54:04+00:00
4,AMZN,A New CEO Means a Bright Future for Amazon,,,https://investorplace.com/2021/05/a-new-ceo-means-a-bright-future-for-amzn-stock/,2021-05-18 14:19:12+00:00
5,AMZN,"Alexa, Did Investors Overreact to Amazon’s ‘Big’ Miss?",,,https://investorplace.com/2021/08/alexa-did-investors-overreact-to-amazons-big-miss/,2021-08-05 10:00:10+00:00
6,AMZN,"4 Top Stock Trades for Monday: AMZN, WDFC, LEVI, CLOV",,,https://investorplace.com/2021/04/4-top-stock-trades-for-monday-amzn-wdfc-levi-clov/,2021-04-04 00:00:00
7,AMZN,Amazon Stock Gets a Target Price Upgrade Ahead of Holiday Quarter Earnings,,,https://investorplace.com/2021/01/amazon-stock-gets-a-target-price-upgrade-ahead-of-holiday-quarter-earnings/,2021-01-27 17:19:33+00:00
8,AMZN,AMZN Stock: Amazon Shares Draw Attention After Pullback,,,https://investorplace.com/2021/08/amzn-stock-buyers-drawn-to-amazon-shares/,2021-08-04 15:29:35+00:00
9,AMZN,"Break Up Amazon, Make More Money",,,https://investorplace.com/2021/06/amzn-stock-break-up-amazon-make-more-money/,2021-06-25 13:57:15+00:00
10,AMZN,"4 Top Stock Trades for Wednesday: AMZN, BBY, CRM, GME",,,https://investorplace.com/2021/08/4-top-stock-trades-for-wednesday-amzn-bby-crm-gme/,2021-08-04 00:00:00
11,AMZN,Amazon Stock Languishes Amid New CEO Andy Jassy’s Summer of Discontent,,,https://investorplace.com/2021/08/amazon-stock-languishes-amid-new-ceo-andy-jassys-summer-of-discontent/,2021-08-30 10:00:47+00:00
12,AMZN,Amazon Stock: No Longer Special?,,,https://investorplace.com/2021/09/amzn-stock-no-longer-special/,2021-09-13 14:55:46+00:00
