,Date,text,compound
52,2021-01-04,quantumscape lose power,-0.4019
1,2021-01-05,"popular robinhood stock likely soar,bellaire approve arkk city engineer highlight concern performance,square cash bitcoin",0.6369
6,2021-01-06,"lead tesla roku square famous arkk etf one watch january,skillz stock increase cathie wood invest purchase share,socgen mohr dang vu harmonisation need european etf market catch u,qqq v spy expect performance gap narrow nasdaq qqq,case emerge market equity",0.3182
77,2021-01-07,"merrill add portfolio capital group,exclusive lion electric ceo amazon partnership spac merger biden administration,cryptocurrency explainer understand niche coin etp format,industrials stock move thursday pre market session",0.1779
1203,2021-01-09,"build inflation portfolio,halftime report trader weigh coinbase lululemon nike,cramer give opinion service corporation vertex,hunt value china safe",0.6486
30,2021-01-10,cathie wood love spotify stock buy,0.6369
7,2021-01-11,"robot,consumer spend show alarm trend,fan go wild unseen video princess diana play piano",0.0
5,2021-01-12,"robot,u share asx investor buy far",0.296
4,2021-01-13,"robot,spacex internet stock mission mar,could invest head star space exploration etf,anker take airpods pro soundcore liberty air pro,biden clean energy plan explain,blackrock tcp capital see q4 eps yoy,general artificial intelligence bear gpt deep mind market oracle",0.9042
51,2021-01-14,cathie wood vision space etf send whole industry soar,0.25
21,2021-01-15,space stock rocket high space ambition,0.0
20,2021-01-16,"adrenaline fuel rush small cap vaccine play story stock dent passive index trend,euroclear csdr directive cause etf settlement inefficiency",0.4939
36,2021-01-17,"coindesk bitcoin ethereum crypto news price data,trump administration staffer get snub hunt job",-0.4215
46,2021-01-18,"examine radical shift fix income etf usage,etf space race heat one giant leap star manager,somalia al shabaab hunt traditional leader politici,oh quality art thou",0.0
27,2021-01-19,"share aerovironment two space spacs soar today,invest massive esports sport bet forecast,outlook european etf industry",0.296
2,2021-01-20,"new year story tesla arkk still fire,bank space exploration invest space etf,money supply inflation come cathie wood bitcoin comment stock pick,driv etf buy autonomous vehicle revolution,u share asx investor buy,hon space stock could soar honeywell international iridium communication trimble,etf wrap stagflation space crypto conversion,aussie etf provider make rich",0.7717
3,2021-01-21,"robot,investment plan augment offer space etf,cathie wood keep top world,virgin galactic stock get downgrade space invest heat,bear day illumina ilmn,cathie put wood wall street tsla sq roku crsp bidu,blackberry stock gain could start,earn summary detail fuelcell energy inc q4 earn report",0.743
44,2021-01-22,"3d print healthcare etf boom theme,tesla sell q1 supply model china day open order page report",0.0
70,2021-01-23,"top perform tech stock,alibaba launch electric sedan partnership china large automaker need know,tesla ruin david einhorn near perfect q4 greenlight capital,stock move thursday pre market session",0.1779
10,2021-01-24,"stock invest red hot etf buy last week,best bubble stock zoom tesla,equal weight etf inflow surge investor bet cyclical shift",0.0
19,2021-01-25,"mutual fund etf hold tax,water etf demand set soar next two year survey find,david tuckwell favourite etf launch,nvidia lead ev revolution",-0.128
11,2021-01-26,"ace investor trim tesla stake,stanphyl capital december short arkk,robot,warren buffett late challenger fizzle like rest,omics revolution next high fly arkg,virgin galactic share gain altitude tuesday",0.8225
22,2021-01-27,"robot,drive etf trade boom european exchange",0.0
8,2021-01-28,popular robinhood stock could good bitcoin,0.6908
0,2021-01-29,"robot,like star investor cathie wood way profit pick,long read sequence arkg etdf ready,five fund buyer reveal favourite thematic etf,buy good news mean bad news stock,salesforce com inc stock outperform competitor despite loss day",0.5043
17,2021-01-31,"buy tesla dip star invest guru,space stock go moon,etf wrap son anarchy dividend aristocrat",0.0
109,2021-02-01,"robot,typical day invest star stock picker cathie wood,tangle market web tesla bitcoin investment could spell trouble investor warn strategist",-0.4767
108,2021-02-02,"top perform etf one think,business usual etf investor january,virgin galactic stock stomach flip ride still go nowhere,bear day crispr therapeutic crsp,many fund double return last year necessarily good news,cathie wood wager draftkings win 2bn new money,silver etf wallstreetbets attempt move market fail,gamestop nyse gme dominate u share asx investor buy,google transform ford",0.8481
122,2021-02-03,"innovation stock buy right,downtrodden stock buy right,cryptocurrency ethereum hit record high ahead cme future launch",0.3818
89,2021-02-05,"robot,cathie wood invest etf acquire million share palantir last week stock dip,new epicenter digital wallet revolution arkf",0.296
778,2021-02-06,product panel procure space etf hit europe,0.0
139,2021-02-07,stock buy get stimulus,0.0
113,2021-02-08,"robot,stock fit cathie wood big idea could add etf,tv ad go next level surprise merger",0.5574
93,2021-02-09,robot,0.0
132,2021-02-10,"robinhood etf buy top pick,watch innovation etf follow record break,international equity etf demand start,best etf young investor",0.4404
105,2021-02-11,"today overarking theme active etf invest,cathie wood explain bitcoin could increase,analysis investor lukewarm tesla billion bitcoin splurge,etf trend opportunity expand fee contract,robot,battery innovator get charge apple",0.7783
137,2021-02-12,"robot,bitcoin etf finally approve canada",0.0
95,2021-02-13,"robot,robot",0.0
147,2021-02-14,"dividend etf kill far,europe v u time bitcoin etp come",-0.6908
94,2021-02-15,"cathie wood stock big invest buy last week,uk saas startup secure 7m fund change face fintech ai,success spawn outpouring new innovation fund investor wary stock slide,esg etf issuer address divestment question",0.6124
143,2021-02-16,"innovation among top etf week market keep roll,next amazon stock already,investment management llc,delivery app gopuff acquire uk base fancy delivery,roar kitty aka deepf ingvalue lose 6m day gamestop bet,elon musk neuralink chip allow monkey play video game mind,shoot score canada pass single game sport bet bill,refresh tesla model spot test ohio yoke steer wheel appear optional,tesla cybertruck v rivian r1t truck future match,assistive technology late trend",0.6908
102,2021-02-17,"cathie wood say confidence grow tesla invest add position,stock bubble accord invest cathie wood,robot,best story real money cramer birth market bottom cathie wood,top dividend equity etf yield perfect retirement income,garmin q4 earn conference call et,tesla esg bitcoin unholy trinity,game roundup ford f come rocket league,3d print meat fee new industry,biofrontera raise 9m via equity offer,sportradar sport bet google odds favourite place bet,dropbox raise 31b upsized convertible debt offer",0.6705
100,2021-02-18,"invest cathie wood invest etf year ago much money,dig innovation portfolio,osprey low cost bitcoin trust available retail investor,inflation big risk face investor next year,invitae lift buy growth potential cost control",0.6486
136,2021-02-19,"much need small cap correction do major technical damage,etf great emergency fund,robotics revolution unpack actively manage arkq,standard motor product debt look like",0.6204
116,2021-02-20,"robot,use etf buy deep value stock,nasdaq stock fell feb,today stock mania differ might matter",0.3612
148,2021-02-21,"next amazon stock already,sfdr open door greenwashing",0.0772
82,2021-02-22,"robot,quantify greatness break legendary arkk etf,stock arkf add portfolio,cathie wood invest buy sell,throw playbook build crypto etf,bitcoin bounce back,european etf market show tax main factor drive industry growth,dish network q4 earn conference call pm et",0.0
123,2021-02-23,"plunge speculative tech stock might yet,follow cathie wood coronavirus stock,dividend etf rank,ftse close ahead trader mull feed chairman comment,next dot com crash blockchain etf enter bubble territory,etf odds end ishares make change,elon musk lose 20bn bitcoin tesla plunge,popeyes offer free tendies gamestop shareholder everyone else,exxonmobil announce new business tackle carbon emission reiterate fuelcell collaboration,comstock mine stock skyrocket today,silver rally kansa city chief market history lesson",-0.1779
83,2021-02-24,"arkk unusual spot lose money,cathie wood rock tech selloff hit etf,sell pressure palantir technology stock seem misplace,stock make big move midday lowe microstrategy six flag casper sleep",-0.5267
86,2021-02-25,"inside innovation big stake small company,robot,red hot etf add billion new cash,remember noah still leverage tech fund,fund tail wag dog,robot,newmont corp stock outperform market despite loss day,mexico alsea report quarterly profit million,exclusive vislink ceo talk ip 5g long term plan",0.7401
85,2021-02-26,"robot,robot,time add tesla portfolio,stock buy stock dump market open palantir apple,rec list winner,top tip etf,buy unicorn volvo stock ev market grow,cassava science stock surge high today",-0.3818
99,2021-02-27,"robot,big stock unexpected downtrends",0.0
220,2021-03-01,"first trust take aim launch innovation etf,dividend etf gain february",0.8519
219,2021-03-02,"robot,five offshore advisor revamp portfolio,nasdaq slide pass investor keep sell tech high flier",0.0
213,2021-03-03,"robot,room,share teladoc health sink today,mega cap stock buy dip sentiment weak,ipo stock bubble pop",0.0
212,2021-03-04,"cathie wood arkk etf near lose gain year,coo tom staudt deep dive liquidity,top stock trade tuesday arkk dash xpev mo,berkshire hathaway intrinsic value liquidity issue,buzzy stock market etf back portnoy wood get crush thursday afternoon nasdaq near correction,invest add million palantir pltr share cnbc suggest stock may become next center attention wallstreetbets crowd,high tax deficit spend stock market worry,trillion covid relief bill may unleash household stock market goldman sachs,palantir stock trade high technical analysis,arkf etf digital wallet look back,buy invitae stock",0.6249
224,2021-03-05,"forget electric car arkk tesla future software,option trader may fear downside cathie wood arkk,top stock trade monday arkk sklz fubo ftch bidu,facebook amazon zoom pinduoduo tencent cathie wood buy sell today,xlk innovation v technology select sector spdr etf good buy,high growth etf make rich next year,square roku teladoc shopify drop friday,cathie wood respond jim cramer call close fund,cathie wood etf freefall tech selloff resume,big lie wall street,lucrative moment invest inflection point,fear buy oversold stock today,bet cash rich tech etf stay away rout,influencers andy serwer suze orman,jay powell save stonks,tesla face billion market cap loss bond yield surge share month low,earn schedule march,value rally say far current advance go,retrocession fee model regulation need ensure etf growth europe",0.9442
754,2021-03-06,ghco ceo izzo exchange volume improve etf market structure,0.4404
361,2021-03-07,bond yield tech stock price chart,0.0
245,2021-03-08,"tesla lose third value third time year,lose money technology selloff buffett mentor phil fisher say,cathie wood last year hot investor lesson fan forget 1990s icon,nasdaq roar back best day month p add,trillion stimulus bill trigger sector rotation,tesla general electric nasdaq xpeng thing must know monday",0.6486
216,2021-03-09,"robot,cathie wood innovation etf surge best day ever,cathie wood force behind tesla spectacular surge bad run year big bet falter square teladoc health,stock buy nasdaq plunge,tesla stock skyrocket today,botz v robo best robotics artificial intelligence etf,opinion biotech stock buy especially pick",0.891
215,2021-03-10,"never dull moment cathie wood arkk clock best day ever,jim cramer different breed investor,pure storage spike recent selloff one analyst bullish,clean energy stock,reason get defensive stock,hot etf buy right mj blok espo,robot",0.8252
234,2021-03-11,"robot,moonshot etf beat innovation beware risk involve,arkk implosion use option profit,cathie wood innovation ill prepare grapple major plot twist stock market warn morningstar analyst,jim cramer would sell gamestop",-0.0258
261,2021-03-12,"cathie wood call one underappreciated stock ceo explain growth story,active etf,billion stimulus money could go straight stock market",0.5423
221,2021-03-15,"value stock arkk start buzz,invest new superstar rough month,alphabet baidu nxp semiconductor pinterest pure storage cathie wood buy sell friday,cambria get ready fail,clean energy stock,top stock buy red hot buzz etf,p dow hit record high investor eye economic reopen,indian invest u throng ev blockchain stock,bitcoin hit mainstream even environmental toll mount,clear signal say big tech unwind do yet accord strategist,promise young woman borat win big wga award,qatar cost rationalisation path competitive advantag,peak passive irrelevant discussion,hopin confirm 400m raise 65b valuation",0.9062
218,2021-03-16,"robot,twilio stock climb high today,facebook twilio spotify paypal unity cathie wood buy sell tuesday,stock bubble,cathie wood share think nano dimension,facebook amazon zoom pinduoduo tencent cathie wood buy sell today,google spend billion add job alphabet cfo ruth porat,draftkings soar positive word analyst,percentage u female fund manager exactly,time buy stock peloton uber apple carnival",0.7579
229,2021-03-17,"recent ipo stock cathie wood buy,arkk stock technical support upside potential,ford gm catch tesla,bitcoin dirty slow volatile impractical bank america report",-0.0516
222,2021-03-18,"robot,top inflow active etf february invest fund,microvision second come,current state bitcoin etf race",0.4019
226,2021-03-19,"arkk etf inflow alert,robot,underappreciated cathie wood stock good buy tesla right,cathie wood zoom overtake old telecom infrastructure,cathie wood launch fund",0.4404
321,2021-03-22,"p nasdaq set high open tech boost tesla gain,best bad dividend fund pay dividend,inspire direxion moonshot innovator etf expand nearly first month,happy birthday semi transparent active etf,investor abandon bill treasury bond yield soar",0.1779
223,2021-03-23,"robot,cathie wood own schrodinger stock,follow money trail blaze pltr stock",0.0
231,2021-03-24,"insane assumption embed cathie wood new tesla target,use option protect downside arkk,thematic etf asset surge new record buoy fund,popular etf year,bond vigilante unlikely cause new black monday stock,investor take etf route u stock aum jump,barron late pick pan lowe microsoft vertex pharmaceutical viacomcbs,ddd aone ravn ion stock cathie wood fund bet today,influencers andy serwer ruth porat",0.2263
228,2021-03-25,"ka vicious cycle cathie wood invest,stock cathie wood buy last week could make rich,robot,reason optimism bad news tech stock,pltr stock thing know palantir stock today,cathie wood invest buy share palantir,top artificial intelligence etf ai global software revenue forecast grow 5x,nio stock people buy dip ev maker slide,top trend reddit stock today,major market correction roll along,nio ev maker slide people buy dip",0.4215
233,2021-03-26,"tesla stock cathie wood arkk highlight grow problem,cathie wood say watch carefully innovation come china ceo lay disruptive company trend radar right,launch space exploration etf could day away arkx,investor sue elon musk tesla board erratic tweet allege violation sec settlement,alibaba amazon palantir google takeda unity cathie wood buy sell thursday,fund change weight cap could mean high tesla allocation tesla motor tsla,tech stock escape correction territory",0.5106
354,2021-03-27,four way buy dip,0.0
271,2021-03-28,robot,0.0
258,2021-03-29,"cathie wood invest buy sell,treasury rout continue,survive flood,genomic stock fund highlight investor day,invest illiquid position,cathie wood keep faith disruptive strategy bull win",0.7717
276,2021-03-30,"deceptive monday archegos fallout impend doom trade kratos defense,cathie wood unimpressed volkswagen ev battery plan,tech stock pressure buy dip sell bounce strategist say,cathie wood test appetite launch space etf,meet alteryx big data analytics competitor palantir,fanduel parent consider ipo investor push spinoff",-0.743
227,2021-03-31,"reply subscriber ask innovation etf,cathie wood invest sell share paypal,teen fun today stock market part make money",0.7964
371,2021-04-01,"robot,bottom finally beckon nio stock,q2 could bring upside opportunity beat growth stock trader say,back truck arkg dna tech bonus buy,robinhood investor love cathie wood stock,value small cap fund outperform first quarter u inflation worry rise,robot,much upside remain teladoc share price,palantir stock much good buy teen",0.936
376,2021-04-02,"fund news advisor use morningstar see risk cathie wood arkk,tax credit boost arkk electric vehicle,despite bump q1 electric vehicle remain disruptive force,marathon digital hold best way play crypto,bitcoin price recover today,strong start boost confidence q1 fund flow",0.926
422,2021-04-05,"jim cramer disastrous acceptance stage hit individual investor,size invesco qqq amid nasty tech sector correction,bitcoin esg credential impact popularity,gene cell therapy breakthrough focus world medical innovation forum may,regeneron pharmaceutical inc stock underperform wednesday compare competitor,esg generate outperformance scientific beta warn",-0.5106
421,2021-04-06,"cathie wood invest buy sell,top growth stock buy march,stock meme mania seep etf",0.3818
394,2021-04-07,"great etf buy ride rough sea,top stock cathie wood stop buy last week,overlap issue thematic etf,nasdaq recover mean growth stock like tesla back,small cap tech giant present opportunity bubble stock deflate,tesla gamestop popular u share last week,disneyland reopen matter pay attention return,silicon lab stock trade high skyworks 75b acquisition infrastructure automotive business,impact repurposing fund objective conventional esg,myntra sale wear go back office",0.926
414,2021-04-08,"cathie wood invest buy sell,crypto corner podcast nasdaqgs coin nysearca arkk otc axahy cse lnk c tsxv nda v,roku share fell march,constellation stock fall earn blame guidance",-0.0516
520,2021-04-09,jason mann top pick april,0.2023
372,2021-04-12,"invest analyst say two firm favorite genomic revolution play,morningstar publish first etf analysis rough,roll correction roll along,dark side thematic fund",0.4588
447,2021-04-13,tesla palantir popular u share last week,0.6124
430,2021-04-14,"coinbase go public etf investor need know,high growth palantir stock belong long term portfolio,cheap etf available different category",0.3818
373,2021-04-15,"robot,snap million worth coinbase market debut,tesla bull drop share tsla make way coin,cathie wood buy high growth stock could make fortune,press announcement official launch fund audit result,bidu stock start get serious institutional attention,stock market rise reason nasdaq keep,dynamic duo could power arkg high,electric vehicle checkpoint tesla still ev king,time buy stock gm airbnb plug power microsoft",0.5106
449,2021-04-16,"dow morgan stanley draftkings coinbase thing must know,rid bitcoin wave pifi etf change ticker btc",0.0
418,2021-04-18,"get cathie wood stock could soar,stock brink grizzly bear market,postcard china exploit market factor",-0.1027
381,2021-04-19,"cathie wood invest own dow stock think,cathie wood invest buy sell,myth bust money print must create inflation,johnson johnson look offload breast implant business bloomberg,tusimple share price stall ipo",0.3612
424,2021-04-20,"power influence innovation etf cathie wood range active etf two minute explainer,sfdr next step fraught challenge asset manager,tesla vw battery plan mean demand high purity manganese,elon musk offer tesla ceo job volkswagen ceo herbert dy report",0.765
417,2021-04-21,"investment management up hold coinbase,old tech stock plot new tech comeback,emerge trend u fund flow accelerate march,speculative sector take big hit overall stock market show sign exhaustion",-0.3612
451,2021-04-22,"shortage kevin bacon ing market,israel etf hide gem invest stable,etf trade le book value,fitch amundi lyxor acquisition reinforce broad shift passive",-0.2263
370,2021-04-23,"arkk stock never suppose quick profit buy,robot,innovation etf deliver bumpy ride,innovation etf never suppose quick profit buy,financial analyst jump back tesla train,dump virgin galactic,cathie wood add coinbase skillz trim square convert organic coin square sq,go skillz stock today,top reddit stock dogecoin create bubble next,etf wrap great quarter guy,cathie wood buy tsx stock hand fist,etf fast fill coinbase roster,cathie wood buy draftkings dkng kratos ktos thursday new space etf add spac jaw spitfire acquisition spfr,best bad perform etf march,morgan stanley call correction july,right back velo3d merger jaw spac,cognitive bias invest,romeo power stock spike today,set understand investment goal",0.1749
392,2021-04-24,skillz stock buy defend investment management,0.0
482,2021-04-25,"factor invest truth many shade,energy ltd eeenf stock gain momentum morning next snap,dow end record u recovery pick speed,break clean energy etf competition hots,bytedance intensify video game competition c4games acquisition reuters",0.8591
382,2021-04-26,"cathie wood invest buy sell,roku warn youtube tv may go dark alphabet dispute,buy dip candidate netflix altria coinbase shopify,etf far,u future high infrastructure stimulus help sentiment,possible reconcile china esg,novavax inc stock underperform tuesday compare competitor",0.3182
426,2021-04-27,"cathie wood invest buy sell,docusign lendingtree velo3d rumor spac cathie wood buy sell friday,tesla stock surge reclaim key technical price level first time since february,dividend etf buy hold",0.0
387,2021-04-28,"cathie wood invest buy sell,arkk today equivalent internet bubble fund shortseller,elon musk ask cathie wood view ratio p market cap gdp high,wealthfront give investor choice fund hint crypto,dump dividend stock sector avoid,microsoft make rain cloud,micron western digital reportedly eye kioxia ford halt production,nabors industry nyse nbr use debt risky way,intel ceo expect global chip shortage last another two year,happen li auto stock,sec overhaul rule determine company cannot quote counter,gigio k ninan co founder shankar ninan co llp bring table average business employment litigation attorney change practice law leverage technology,time buy stock plug power nikola tesla nio xpeng li auto,insight drug delivery central nervous system disease global market company profile collaboration",-0.802
386,2021-04-29,"robot,one chart illustrate really go market,bear v cathie wood right skillz stock,arkf etf technification finance industry,pick cnbc stock draft bitcoin amazon lead way,palantir stock pltr trade sideways ahead upcoming earn release,mine secure profit mara stock",0.7184
384,2021-04-30,"cathie wood own roku stock,cathie wood invest buy sell,good cathie wood game stock roblox v skillz,cathie wood load heavily debutant uipath trim tesla nupathe path tesla motor tsla,cathie wood invest buy million share twitter,nasdaq ghost spooky froth,cramer share think ferrari palantir,u value fund top performer march,cramer advise viewer align technology inseego,oneplus watch get always display abysmal review,good cathie wood game stock roblox v skillz,momentum etf set major swing growth value,wall street tumble open crypto crash dow pt invest com,industry innovator strive health select colorado headquarter expansion",0.6682
544,2021-05-03,"arkk stock throw investment ship,strange mix action,bear market stock buy power downturn,good news still good news equity",0.4404
481,2021-05-04,"want switch esg etf cost involve,issuer stick rock hard place construct thematic etf,cathie wood innovation etf drop amid tech sell almost high,investor arkk grab life jacket,simultaneous bull bear market make tough trader,stealth correction quickly gain momentum",0.5106
524,2021-05-05,"robot,cathie wood innovation etf struggle may get bad,innovation performance pressure tech stock swoon,exact science beat expectation q1 investor jump joy,active etf asset management hit new record,dow jones industrial average hit new high tech stock get crush,cathie wood load skillz earn day,opinion selloff tech irrational even last year climb,robot,long term random walk",-0.2023
531,2021-05-06,"robot,arkk get oversold,dow swim arkk sink,trouble may loom stock market cathie wood innovation etf fail bounce,arkk pressure peloton vaccine moral dilemma chart nasdaq,sell pressure many stock brutal,cathie wood pick win stock,cathie wood buy 4m twitter stock tank post earn report twitter twtr,bitcoin ethereum big tech bounce back",-0.4767
532,2021-05-07,"robot,cathie wood love setup stock sell expect big return strategy,etf wrap cathie wood investment fund aim comeback bitcoin etf application,best robinhood stock buy right,etf buy want try outperform cathie wood,market bubble pop spill everything else,best robinhood stock buy right,sklz stock despite recent criticism time buy skillz,top five u etf five year return,bngo stock look bionano genomics may buy,reddit stock real bullish story,investment management llc,correct update dye durham get c bln offer management lead group,cannabis investor see return,p esg index tesla walmart join facebook well fargo get boot,kfa private wealth group llc,wall st week ahead investor eye inflation seasonally weak market stretch tech stock wobble,meat supplier harness power brand partnership,analysis fund manager see value cyclical stock run despite slow u job recovery,etf issuer catch proxy vote conflict interest,black widow fail lift amc stock retail trader try become avenger",0.7967
553,2021-05-09,u feed come close could call bubble,0.0
522,2021-05-10,"cathie wood innovation etf fall new low year nearly recent high,etf good innovation,robot,bitwise launch crypto innovator etf",0.5267
521,2021-05-11,"robot,jim cramer tech bottom stock tell,tesla palantir apple wynn thing must know tuesday,innovation etf stay afloat post pandemic world,tesla stock near bottom look chart,coin stock forecast coinbase global inc continue slump ahead earn,cciv stock mean market whole,rise thematic investment amongst asia private client next asian wealth management asian private bank,capital note colonial pipeline shutdown socially responsible ransomware attack,alibaba co founder jack step president elite business school found ft",0.6705
527,2021-05-12,"robot,jim cramer let explain good company bad stock,trader bet quick u market rebound tech stock tumble,robot,time take another bite apple stock,cramer mad money recap tesla roku zoom video,sec call bitcoin highly speculative potential fraud,robot",-0.4779
529,2021-05-13,"robot,dow little comfort,invest etf sustainable invest play,cathie wood stock billion market form,teladoc stock another week blame poor earn,etf wrap watch dogecoin etf see surge demand,tesla stock continue drop positive news,afterpay ponzi scheme unravel,jim cramer tesla bitcoin bumble boeing inflation",-0.4588
566,2021-05-14,"skillz stock fly high today,pltr stock spycraft need buy palantir technology,fubotv stock jump today,chart panic u billion internet computer u billion poem go bad verse",-0.7783
530,2021-05-15,short cathie wood flagship etf,0.1027
642,2021-05-16,inflation spike provide investor headache federal reserve reaction crucial,0.0
563,2021-05-17,"market cycle,silver price eye inflation figure armchair trader",0.0
543,2021-05-18,"arkk finally right growth speculative ship,tesla arkk nasdaq p vary stage cycle,dow fall point end wild session way low",0.2263
538,2021-05-19,"arkk etf bold breadth disruptive depth,bitcoin plunge bust buy,qqq v qqqm v qqqj expect big nasdaq etf,coindesk bitcoin ethereum crypto news price data,update trump say new york criminal probe desperate search crime,draftkings today,stock etf tumble bitcoin plummet,best buy dip meme phrase explain cryptocurrency crash go viral",-0.7964
595,2021-05-20,"recovery rally take bitcoin back 40k treasury proposal weigh gain,tesla major bull cathie wood two odds elon musk bitcoin stance tesla motor tsla,stock climb tech share treasury yield fall cryptos bounce,dave portnoy want fun,sea limit stock move high today,trade virgin galactic share launch high new flight,waymo rescue autonomous van confuse safety cone",0.8885
639,2021-05-21,asian tech share track nasdaq gain inflation fear recede,0.34
582,2021-05-22,"invest even market crash,reason finally decide buy bitcoin ethereum,rout land nasdaq short mass bull get,soar esg demand disrupt big four index provider report find",-0.128
548,2021-05-24,"investor still confident thematic tech even price plunge,integral national security trade palantir,worry market crash etf protect,post pandemic retail trade dead anf aeo earn edge,apple fire recently hire former facebook exec discriminatory comment woman people color,people join military escape poverty story,stock race record high stealth bear market roar,health care stock move thursday pre market session,tax hike alone pay biden budget plan bond market need pick slack",-0.5719
546,2021-05-25,"teladoc health top hold one,afford extremely patient coinbase stock,bitcoin affect etf climb analyst ponder crypto next target,high risk high reward stock worth bet right",0.6486
564,2021-05-26,"stock drift summer trade kick,elon musk chamath palihapitiya cathie wood face reddit reckon,tuttle capital new fomo etf highlight grow trend,still wait market correction,cathie wood bullish iovance biotherapeutics iova,amundi guignard fix income esg etf boom still infancy,information technology stock move tuesday pre market session",0.34
533,2021-05-27,"robot,cathie wood arkk still bet coinbase,syros pharma skyrocket oppenheimer buy rat sale,bitcoin tumble shake stock make market messy week,bitcoin loss stock market gain investor rotate crypto equity vanda research say,martin gilbert small etf issuer obvious place go acquisition",-0.2732
610,2021-05-28,"bill ackman perfect antidote growth invest hoopla,amc hp cathie wood bitcoin thestreet friday,crescent point energy debt look like",0.8126
554,2021-05-29,"invitae winner take genetic test,important question every investor ask",0.5859
57,2021-06-01,"tesla add p esg index,rotation back growth speculative name continue grow,cathie wood invest buy",0.4588
727,2021-06-02,"tsla msft tech lead unicorn large cap magic,spy reason investor worry interest rate part,weekend read billion roth ira,want diversify etoro portfolio consider etf,skillz stock story might make sense year old",0.0258
679,2021-06-04,"cathie wood double stock rebound bet,live kenny polcari amc spacs crypto,betterment consider offer crypto sarah levy,etf market update bmo investorline truemark wisdomtree biorevolution,save coach bag long,pimco tactical income opportunity fund complete million initial public offer,cathie wood v elon musk great bitcoin energy debate,nio manufacture partner jac see may sale drop sequentially,sprinklr price downsize ipo share trade begin today,alibaba backfoot tiktok parent bytedance reportedly launch house cloud compute service,alibaba ant secure regulatory approval consumer finance firm china",0.9274
704,2021-06-05,"cathie wood invest sell share pluristem therapeutic,penny stock etf watch,warren buffett back byd record yoy jump may ev sale outdo nio xpeng li auto sale combine,tesla model see iihs top pick status restore elon musk say retesting improve software,go ocugen ocgn stock today,stock move wednesday pre market session",0.7964
692,2021-06-06,cathie wood favorite healthcare company make rich,0.765
696,2021-06-07,"inside big week two arkw company,coinbase fell may,cruise stock upgrade oracle low guidance invest buy draftkings dip,prestige consumer healthcare nyse pbh risky investment,takeya cold brew maker ice coffee lover dream sale prime day,look g iii apparel group debt,diagnose treat her2 positive advance gastric cancer,laffer investment buy tilray,solvent base print ink global market report covid impact recovery",0.8481
694,2021-06-08,"share uipath may,amc fud runneth panic casino,cathie wood invest sell,innovation etf make comeback,thematic fund worthy hype risky distraction",-0.5719
677,2021-06-09,"tire etf alternative next gen tech etf consider,growth stock back get hint arkk etf video,disruptive technology next dot com bubble,spacs speculative stock pick back,cathie wood invest sell share snap,robot",0.3818
676,2021-06-11,"arkk still prime avenue disruptive invest,amazon stock fit cathie wood portfolio",0.0516
686,2021-06-12,illumina lose shine,-0.4019
689,2021-06-13,uipath stock robotic process automation boost portfolio,0.4019
674,2021-06-14,"top stock trade tuesday arkk crsr bigc mrna,cathie wood invest buy,elon musk jack dorsey plan bitcoin chat july event invest cathie wood think brilliant,lordstown motor debacle affect electric vehicle etf,good watch right roku v square,mirror image today market mania,index provider must adapt regime change financial market,nvidia detroit hope compete tesla",0.5719
687,2021-06-15,"bid disappear bring back memory february,cathie wood invest sell share pure storage,cathie wood sell 38m docusign despite bullish add 41m bitcoin play coinbase convert organic coin,dow book day lose streak feed powell deliver slightly hawkish update monetary policy,p warn signal start flash etf short bet build",-0.1027
693,2021-06-16,"invest snap draftkings stock short sell firm allege illegal activity,strategy sharemarket investor reap massive return,cathie wood invest sell,invest disruptive technology stock,blow top amc cathie wood future,amf become late regulator soften stance etf follow liquidity test,etf issuer systematically allocate new carbon intensive bond research find,global e beam wafer inspection system market reach billion",-0.6124
712,2021-06-17,"buy cathie wood biotech stock,look profit big bull bear spread investor cover,cathie wood invest buy,cathie wood invest sell,world esg etf security lend compatible",0.6486
681,2021-06-18,"jim cramer say invest phenomenon appear,cathie wood sell 7m palantir",0.0
697,2021-06-19,"robot,smart people wall street buy stock follow,index provider landscape europe different u",0.0
771,2021-06-20,huge performance dispersion thematic etf highlight importance selection,0.7351
688,2021-06-21,"interest rate inflation issue shift trade environment,bitcoin tumble amid new concern china,everything market fud,inside grow popularity etf,time back away draftkings stock,digital wallet could lend hand unbanked,sting pandemic jbs cyberattack u rancher build new beef plant",0.8519
675,2021-06-22,"stock innovation etf arkk add 1st half,etf sensitive inflation",0.3818
691,2021-06-23,"deduce reckon feel foolish boom bust never win strategy,share virgin galactic stock blast,invest potent satellite broadband market,nordic asset manager hire former aktia esg portfolio manager,contextlogic emerge top wallstreetbets interest far cleveland cliff stand second clover gamestop amc lag,top social medium stock q3,etf rid growth comeback euphoria,opinion cryptos meme stock nine figure deli bad sign broad stock market",0.0588
758,2021-06-24,"buy etf hedge rise house inflation,nndm stock nano dimension much big reddit,etf play nasdaq stand strong despite reflation,zojirushi rice cooker best try big prime day price cut,etf capture opportunity autonomous technology",0.9136
672,2021-06-25,"growth stock mend arkk strut stuff,cathie wood load bitcoin,cathie wood stock still go strong,active etf outperform expectation,crypto fund pool continue expand despite bitcoin volatility,morning bell jim cramer spot market rotation",0.5994
673,2021-06-26,robot,0.0
799,2021-06-27,"cyclical regime change represent first real test esg etf,former bioware gm casey hudson start new game studio",0.0
684,2021-06-28,"cathie wood invest team bitcoin etf,zm stock capitalize growth stock reversal,jim cramer monday market one mind blow see,invest era speculation,two stock help arkq stellar week,radar dividend etf worth consider,health care stock move monday pre market session",0.8555
736,2021-06-29,"marin exela google cathie wood bitcoin thestreet tuesday,vanguard dividend appreciation etf vig get new look,new gene edit trial result bump arkg etf,microsoft add photo edit feature onedrive,think lawyer substance abuse problem,apple artist theme fitness workout start monday,news flash analyst think spx corporation nyse spxc earn threat",-0.4939
731,2021-06-30,"hindenburg v draftkings live glass house throw stone,tmo top cathie wood dividend stock buy,find next trillion dollar company,imperial helium begin field operation set drill first well near term,velodyne lidar introduce india design center bangalore,shoe company good year return apple netflix microsoft,amazon remain dominant player cloud lose grip rival",0.4767
879,2021-07-01,"advisor ross gerber launch active roar 20 etf,spy bull market run steam,investor lose hundred billion china july,halfway etf pace another record year,jam carthew invest space colossal potential",0.0
891,2021-07-02,palantir right stuff get back,0.0
862,2021-07-03,"diverse forever tech stock trader buy today,ride renew tech momentum etf,elon musk congratulate tesla bull cathie wood hit 1m twitter follower,robot,trillion dollar stock ready deploy,cathie wood sell 11m roku,growth stock trader buy discount",0.6908
866,2021-07-04,cathie wood stock buy hold year,0.0
653,2021-07-05,blackrock hit back question etf redemption process,0.0
769,2021-07-06,"every asset manager need etf strategy,affiliate walton street capital l l c originate million loan old three hundred capital arrowmark partner acquisition muir lake apartment unit multifamily comm,alternative etf languish despite perfect storm,uk regulator renew pressure rethink crypto stance,good speculative stock pick right",0.5722
904,2021-07-07,"best etf buy look safety,best etf buy make world good place,hanesbrands debt look like",0.7964
957,2021-07-08,"buy intel stock counter threat taiwan,outdoor din surge amid covid eat al fresco restaurant stay,city hold co buy ishares",-0.5267
852,2021-07-09,"td ameritrade cathie wood doubter look silly,cathie wood reportedly sell million worth roku month amid highly publicize pick nearly surge past year,robot,uncover disruptive force stock use natural language process",-0.128
868,2021-07-12,"market confuse interest rate growth earn season start,sell chinese stock",0.5719
935,2021-07-13,"etf future asset management,tesla arrival p demonstrate flaw market cap weight index,build long volatility strategy without use option,simply essential auction delay,podcast john kartsonas breakwave dry bulk ship etf",0.3612
828,2021-07-14,"notable two hundred day move average cross arkk,tesla soar option trader place bet arkk,aarki insider get skillz stock hold,astronaut clayton anderson break jeff bezos space launch,cathie wood weed stock bank thing watch happy hour",0.5719
821,2021-07-15,"robot,opinion group stock beat innovation etf past five year,arkk remind one strategist tech stock dot com bubble burst,innovation winner trade exploit",0.7184
883,2021-07-16,"regulatory dust settle alibaba could knockout success,cathie wood buy another 5m bitcoin play coinbase trim nvidia,etf buy tesla q2 earn strength,regulatory dust settle alibaba could knockout success",0.7269
870,2021-07-17,everyone talk skillz stock,0.0
834,2021-07-19,"buy 6m worth square jack dorsey bitcoin announcement,innovation etf arkk investment advice,corporate move crypto could fabulous fintech etf,qqq etf buy bull market make comeback,investor need know inflation part,cathie wood load 88m twitter jack dorsey highlight bitcoin role social medium company future,cathie wood invest buy,cathie wood cómo replicar con cedear la inversiones de la gurú que revolucionó wall street,hire spree offer litmus test etf issuer asset growth,esg engagement focus follow engine launch,hanetf plot u expansion",0.9042
844,2021-07-20,"high volume etf monday sell investor watch,easy money make market,cathie wood sell 5m paypal load coinbase,cathie wood double teladoc spotify shopify stock see earn relate dip,cathie wood get enough bitcoin add another 54m square 14m coinbase,become first firm list bitcoin etf fee,cathie wood trim nvidia shopify stake pile another 7m bitcoin play coinbase,cathie wood get enough uipath buy another 17m share,cathie wood invest buy share bitcoin play,cathie wood invest sell million share pure storage,use etf diversify portfolio trade frequently invest safe,msci transaction cost signal future etf price dislocation,goldman sachs launch esg etf go anywhere size approach,myth bust equity inflation hedge,beware nvidia stock split,south african payment startup yoco raise 83m series c back dragoneer,learn america investor,expect bad correction u stock mid august say forecaster prove track record,netflix toss hat world video game,tesla nio battery supplier catl chairman rich alibaba co founder jack forbes,alibaba back unicorn acquire uber eat india open high 3b ipo",0.7096
854,2021-07-21,"celebrity investor break buffett invest tenet score,look indian invest overseas,palantir technology stock make right move,tesla software defy critic,copper future hg technical outlook test trend support,neurologica announce research collaboration massachusetts general hospital pilot photon count compute tomography patient point care use omnitom elite ct,copper price continue consolidate violent breakout could come soon",-0.1779
906,2021-07-22,"schwab tout ria inflow growth,might take convert large bitcoin fund u first etf,nft growth remain strong show axie infinity opensea cryptopunks say analyst,draftkings web site among see technical difficulty,tesla poise beat q2 earn etf focus,olympic game japan etf take gold,chip investor flip globalfoundries news,little river tribe edc partner wahlburgers,june market wrap despite rate hike worry stock land solid performance",0.8129
843,2021-07-23,"cathie wood invest sell share ke hold,cathie wood invest buy,opinion story far wall street blow,young indian investor warm clean energy etf report,investor put money,cathie wood may selli,cathie wood invest buy share quantum si wall st,china stock could vanish u know,f lightning crush tesla cybertruck,short term time horizon switch invest,opinion expect bad correction u stock mid august say forecaster prove track record,tesla rumor strike 400m camera deal samsung cybertruck,high etf ownership increase volatility clean energy stock,fund news advisor use parametric bring tax loss harvest downstream",0.8074
939,2021-07-25,"could cryptocurrency esg become new norm,diversify llc buy ishares",0.0
817,2021-07-26,"robot,cathie wood innovation etf sell nearly chinese stock,intel stock must buy schedule rehab,new job available northern ireland right apply,investor must ensure end client protect greenwashing",0.7506
830,2021-07-27,"innovation etf spring leak,cathie wood flagship fund show dot com bubble trait may lure investor bull trap jpmorgan strategist say,cathie wood buy 62m coinbase dip sell 9m twitter,trend tracker innovation etf arkk,rize etf forbes outline martin gilbert assetco bring table follow acquisition,china tech etf collapse rare opportunity reminder ever present risk,china internet etf crater amid gov crackdown,facebook win multiverse",0.7717
825,2021-07-28,"arkk etf inflow alert,short arkk etf bet cathie wood fund,innovation etf arkk today,get next amazon like gain e commerce,cathie wood invest dump another million share jd com",0.7351
816,2021-07-29,"late shift tech leaf cathie wood arkk cold,skillz stock trend today,u investor ever trust chinese stock,robinhood ipo etf stock could soon show,investor p index fund save 357bn year,crew battle wildfire b c dry condition continue,monroe capital support frazier healthcare partner caravel autism health,market could pop even independent inflation feed action shortseller,cramer mad money recap advance micro device google",0.5267
819,2021-07-30,"robot,apple amazon arkk big name indicate market correction come strategist say,cathie wood sell chinese stock,invest cathie wood buy robinhood stock despite dismal market debut,ipo etf buy technology sector continue melt,cathie wood etf underperform broad market q2 workhorse virgin galactic coinbase teladoc take big toll,buy coinbase cathie wood speak bitcoin conference also load draftkings zoom,investor piece tesla shopify crispr therapeutic,cathie wood load another 12m zoom continue shed stake alibaba rival tencent jd,td ameritrade dave nadig discus etf performance flow,wealthfront offer grayscale bitcoin ethereum trust",0.8031
876,2021-07-31,ka robinhood ipo represent stock market top,0.2023
62,2021-08-01,"five etf deliver stellar return,tuttle file short arkk etf,anti etf bet cathie wood flagship fund",0.1027
176,2021-08-02,"invesco p esg etf reign supreme,global adalimumab infliximab etanercept biosimilars market report covid impact growth change forecast,robot,short cathie wood innovation fund good idea,investor might lose patience cathie wood fund,new etf bet cathie wood flagship strategy,sell 7m tesla cathie wood liken elon musk company apple,michael burry bet cathie wood fund tesla sell stock,robot,china tech crackdown claim etf victim,baba stock alibaba group political battlefield",0.4939
997,2021-08-03,"robinhood stock rocket today,robinhood tank shareholder file sell,cathie wood invest sell,top perform dividend etf july,robot,google data center ai pocket",0.0
486,2021-08-04,"room many large generalist etf industry react amundi plan acquire lyxor,partner therapeutic initiate patient enrollment clinical trial evaluate leukine rhugm csf sargramostim high risk non hospitalize covid patient scope,robinhood share surge investor scoop meme meme,netflix draftkings docusign twitter etsy stock cathie wood buy sell wednesday,skillz plunge july,index market expert cover broad market weakness",-0.2732
1003,2021-08-05,"guggenheim enlist early disruptors investment trust,vest finance witness increase interest global investment 1h21,opinion forget short term stock market fad buy rocket tech stock,bitcoin bull v bear look big name back shun crypto",0.6486
977,2021-08-06,"cathie wood arkk etf buy,robot,best stock invest,tom lydon explore top etf pick td ameritrade,fund news advisor use index provider alerian buy etf trend etf database,trader build rotation back small cap growth name",0.5267
933,2021-08-07,"blackrock p dow jones index question answer clean energy debacle,etf europe course double last year record flow explosive first half,keep watch company come ipo u",0.5859
1016,2021-08-08,"teladoc earn important metric bull bear,mike khouw see unusual option activity innovation etf",0.5267
1015,2021-08-09,"meet tableau julius værnes iversen danish fashion go floral artist,cathie wood invest buy nearly share tusimple,tesla stock billion net inflow q3,guggenheim launch innovation focus uit,p extend gain double pandemic bottom market wrap",0.836
1019,2021-08-10,"cathie wood growth stock buy,nq ym rty soxs tqqq tlt zn zb arkk cme_mini es1 hk_l61,chinese stock buy dip,thing open bell,tesla nvidia 3d system thestreet tuesday",0.3818
1069,2021-08-11,"deduce reckon wall street investment star today go tomorrow,crypto trade surge boost coinbase stock,invitae share price reach analyst high price target",0.6124
1001,2021-08-12,"buy top cathie wood stock break high,cathie wood invest buy palantir stock strong earn,jpmorgan dive deep etf,day like quick selective trade save,tesla musk highlight chip supply issue early tweet cathie wood",0.8402
1023,2021-08-13,roll dice action offer good setup,0.4404
1064,2021-08-15,"etf consider buy avoid week,tencent share drop regulatory concern wsj,thing open bell,india foreign investment grow exponentially stock focus",-0.2732
974,2021-08-16,"michael burry big short bet cathie wood arkk,buy tusimple stock like cathie wood listen grizzly",0.3612
972,2021-08-17,"cathie wood hit back big short michael burry bet arkk,robot,index hit extreme level deception,everyone talk robinhood stock,cathie wood say bitcoin recovery seem catalyze elon musk,tesla stock sell institution continue buy,resilience stagflation sign nvidia action feed hawk deck booster rocket,spac stage pershing square tontine hold godot investor,robot,vanguard find potent inflation fight asset class,form fwp morgan stanley file morgan stanley,undersea dominance lift facebook stock,billionaire back stock picker say bubble talk boomer",0.1779
975,2021-08-18,"cathie wood michael burry lock horn big short investor bet arkk,robot,robot,guild war devs aware crash issue fractal strike,cathie wood draw criticism etf performance,robinhood army take quants billion thematic boom,nasdaq sink home depot roblox drop cathie wood counter new big short short,trader stock flat fomc minute,stock v etf new investment globalise make etf ceo viraj nanda,tesla stock price slam next",-0.9217
984,2021-08-19,"etf investor continue pile despite poor performance,cut wood arkk oh sonos hecklin hydrogen,america flood deepen angst chinese tech stock,precarious market action,market correction gain steam wide disparity sector persist,netflix nvidia draftkings alibaba square stock cathie wood buy sell tuesday,simple etf retirement portfolio,robot",0.7144
976,2021-08-20,"arkk belief dreamer,robot",0.0
1013,2021-08-21,"robot,robot",0.0
1058,2021-08-23,"size social commerce internet etf,iosco find risk etf structure follow covid test,massive ai project supercharge tesla stock,stock insider sell",-0.2732
1029,2021-08-24,"tusimple stock fly high today,high ai stock strong buy,trillion behemoth among mutual fund want etf underscore fast move trend,slight shift action spur strategy switch up amid strong day",0.7845
1078,2021-08-25,american fund parent finally get etf late,0.0
1047,2021-08-26,"cloudflare oversized sale multiple buy next dip,draftkings share trade high today,reason buy cathie wood growth stock reason,buy dip candidate tesla bitcoin honeywell stock,cathie wood start stock picker storm etf world,hedge fund blindside china risk new warn",0.3182
1009,2021-08-27,"weekly wrap buffett buy fall fund fee retirement tip,cathie wood invest shed another 35m square snap 19m roku,cathie wood invest sell",0.0
1061,2021-08-29,"cathie wood tech stock buy,stock set big earn move aeo avgo analysis",0.0
991,2021-08-30,"etf x ray arkk tech stock stack,etf x ray arkk tech stock stack,trade innovation etf arkk integrate risk control,bear market small cap growth stock speculative stock end",0.5423
986,2021-08-31,"arkk large inflow detect etf,arkk wellness center celebrate grand open port jeff sta,arkk wellness center academy open port jefferson station,short arkk etf bet cathie wood fund,cathie wood invest sell,cathie wood invest buy share peloton,etf short market inverse etf,cathie wood gain enormous success,esg climate fund fall short paris agreement goal report warn,raise damn thing",0.9559
1120,2021-09-01,"arkk make bullish cross critical move average,cathie wood like energy storage name even tesla,sklz stock forecast high skillz go reddit short squeeze,semiconductor manufacturer lift result demand remain high,digital revolution boost accenture stock,digital revolution boost accenture stock",0.7351
163,2021-09-02,"p etf investor leave expose bitcoin follow tesla bet,zoom video zm bull case crack break",-0.2023
1136,2021-09-03,"healthcare stock cathie wood love right,stock buy follow september selloff,early cancer detection major opportunity genomics investor",0.4391
1127,2021-09-05,"disruptive innovation prophet cathie wood flock need,creative redemption process,cathie wood buy another 5m robinhood 3m peloton,ray dalio gold crypto",0.0772
790,2021-09-06,blackrock gavin lewis black underrepresentation financial service business issue,0.0
943,2021-09-07,"exchange struggle capture etf volume rfq platform,wall street hot investor bet big handful stock critic say play fire,overvalue stock sell invest like michael burry",0.128
1004,2021-09-08,"bet stock soar up draftkings dkng stake,cathie wood invest double multi million share position spac merge ginkgo bioworks,currency hedge etf long expensive unhedged counterpart,priceless piece advice world great investor,robot,fintech battle intensify etf epicenter,amc clover meme stock tumble today,bytedance emulate alibaba tide china fintech crackdown,apollo global rope tinder chief yahoo ceo tinder name new ceo,dave buster entertainment q2 earn top estimate,so share trade high today,highly upvoted wallstreetbets post speculate amazon affirm partnership week official announcement,china central bank say cryptocurrency transaction illegal,dynagas lng partner earn preview",0.8807
1149,2021-09-09,"cathie wood stock trade bull well bear,cathie wood invest buy,z stock cathie wood innovation fund wall street predict rally,company cathie wood see benefit instagram tiktok commerce push outperform amazon year amazon amzn shopify shop,another sign buy pay late momentum,toyota cut production outlook owe chip shortage,bellicum stock move high wednesday,information technology stock move friday pre market session",0.765
1128,2021-09-10,"three active etf investor look target strategy,cathie wood challenger goldman sachs launch tech etf,invest tesla stock price target may outrageous elon musk say worth share execute really well,best look private investment ever see perhaps one bad",-0.0516
1220,2021-09-13,"fintech etf invest ensure capital growth,twitter become unlikely hero rental car fiasco,bytedance emulate alibaba tide china fintech crackdown,twitter distinguish good bot bad new label feature,aircraft conversion mammoth freighter take big twin,disney shut hotstar u service move program espn hulu,date group parshipmeet prepare ipo source,send clown gov shutdown,information technology stock move friday pre market session,fintech etf invest ensure capital growth",0.8689
1111,2021-09-14,"robot,cathie wood growth stock fire continue high,recent poor result make promise cathie wood pick bargain,undervalue innovative stock,jim cramer gold crypto hedge need realistic",0.3182
1125,2021-09-15,"coinbase slide could good fintech etf,price action innovation etf arkk use advantage,expect stock market volatility covid case peak",0.6705
1163,2021-09-16,"cathie wood invest buy share robinhood,robot,sava shareholder class action deadline reminder bernstein liebhard llp remind investor deadline file lead plaintiff motion security class action lawsuit cassava science",0.4019
1112,2021-09-17,"robot,td ameritrade tom lydon talk arkk commodity,stock expensive necessarily deterrent,cathie wood growth stock set september surge,growth stock cathie wood bullish right,cathie wood like tesla fund keep sell stock,cathie wood make adjustment portfolio august,make sense market week september,unusual option activity iovance biotherapeutics iova nike nke alibaba group baba",0.6249
1168,2021-09-20,"watch today dow set drop point global market sell,tesla share could gain year accord investor own company tesla motor tsla,roku share price hit fast forward",0.6908
1110,2021-09-22,"catherine wood innovation etf make unique investment opportunity u stock market,arkk innovation hawkish feed double top pattern foreshadow downside move",0.7783
1140,2021-09-23,"cathie wood invest buy,high open expect singapore stock market,twitter become unlikely hero rental car fiasco,woman health beauty supplement market research report sale channel age group application consumer group product region global forecast cumulative impact covid",0.8126
1118,2021-09-24,"chinese crackdown bitcoin another blow cathie wood etf,innovation etf arkk investment advice,disruptive growth stock could way go,like mutual fund meet etf,theme etf category see influx new product,disruptive growth stock could way go,coinbase score first buy rat stock sag future may look bright,dogecoin cute shiba inu,shift yield curve impact etf,weekend read retirement location state,weekend read retirement location state,best etf september,cathie wood make adjustment,opinion afraid bogleheads,btc usd forex signal bearish flag hint weakness,michael burry call sec gamestop enforcement receive sec subpoena month late,alibaba ant group propose revive ipo,tesla stock dump chamath palihapitiya,update softbank back banco inter stoneco talk potential merger source,make option moderate tesla stock gain,philip start replace repair faulty respiratory sleep device u,stock face another turbulent week third quarter wind,etf need portfolio,bittersweet truth gold stock need know market oracle",0.7906
1153,2021-09-25,"paradox michael burry cathie wood,want outperform p cathie wood consider get hamster,cathie wood invest buy 89m worth twtr bitcoin tip integration",0.128
1178,2021-09-27,"cathie wood invest buy,tesla head 5th straight day,mersana therapeutic share trade low friday",0.25
1107,2021-09-28,"surge treasury yield batter fund amid broad tech selloff,nasdaq tank rise u yield arkk appear confirm double top pattern,arkk etf good buy sell nysearca arkk,move cathie wood pick goldman sachs new etf could smash,best growth etf,grayscale shred hype bitcoin power democratize finance show rias really want dominant wall street middleman will pay hedge fund like fee transparency,big cap catch small cap way,recipe pitiful market action",0.7645
1108,2021-09-29,"cathie wood investment sell 270m worth tesla stake,invest buy 3m coinbase share sell 264m tesla share,cathie wood invest buy,get finger trigger stock start stabilize,investor might want weigh potential skillz nyse sklz new title start sell,coinbase reportedly propose crypto framework u official,brace downside,stock market get bore return normal,converse discount buy one take two asics footwear sale,cathie wood dump big chunk tesla stock recent string sale",-0.0516
1167,2021-09-30,"reopen stock look fragile carry market,skillz stock tumble today,go palantir stock today",0.0
58,2021-11-01,tesla esg conundrum,0.0
167,2021-11-02,time bullish china etf year ox,0.0
1106,2021-11-08,climate code red etf industry,0.0
54,2021-12-01,drive ilmarinen shift esg etf,0.0
405,2021-12-04,"thematic etf fire,tom brady asset management people love hate cathie wood fund get result,time buy stock xpeng palantir zoom draftkings,time machine investor,stock move monday pre market session,go digital new etf dapp vaneck",0.4588
