title,flair,score,upvote_ratio,id,subreddit,url,num_comments,body,created,sentiment,sentiment_result,sentiment_score
Tesla expands ‘Full Self-Driving’ beta tests,,1,1.0,pwbhl0,TSLA,https://www.marketwatch.com/story/tesla-expands-full-self-driving-beta-tests-as-proxy-group-urges-board-shakeup-11632695518?siteid=yhoof2,0,,2021-09-27 06:36:15,NEGATIVE (0.7339),NEGATIVE,(0.7339)
Tesla expands ‘Full Self-Driving’ beta tests,,1,1.0,pwbheq,TSLA,https://www.marketwatch.com/story/tesla-expands-full-self-driving-beta-tests-as-proxy-group-urges-board-shakeup-11632695518?siteid=yhoof2,0,,2021-09-27 06:35:56,NEGATIVE (0.7339),NEGATIVE,(0.7339)
Tesla expands ‘Full Self-Driving’ beta tests,,1,1.0,pwbhcq,TSLA,https://www.marketwatch.com/story/tesla-expands-full-self-driving-beta-tests-as-proxy-group-urges-board-shakeup-11632695518?siteid=yhoof2,0,,2021-09-27 06:35:49,NEGATIVE (0.7339),NEGATIVE,(0.7339)
Tesla expands ‘Full Self-Driving’ beta tests,,1,1.0,pwbh9f,TSLA,https://www.marketwatch.com/story/tesla-expands-full-self-driving-beta-tests-as-proxy-group-urges-board-shakeup-11632695518?siteid=yhoof2,0,,2021-09-27 06:35:41,NEGATIVE (0.7339),NEGATIVE,(0.7339)
+ 93.5% on my Tesla stock … what should do ???!,,1,1.0,puygwf,TSLA,https://www.reddit.com/r/TSLA/comments/puygwf/935_on_my_tesla_stock_what_should_do/,26,"I don’t know what to do… 
Higher price in over 8 month….
Sell or hold ?😬",2021-09-25 03:11:10,POSITIVE (0.5797),POSITIVE,(0.5797)
TSLA Special Dividend? Dogecoin?,,1,1.0,pu8o7n,TSLA,https://www.reddit.com/r/TSLA/comments/pu8o7n/tsla_special_dividend_dogecoin/,1,"Hey Mr Musk, if you issue dogecoin or Tesla Model XX as a special dividend then the shorts have to buy dogecoin or Tesla Model XX or cover their TSLA stocks?  
(similar to what Overstock did to the shorts) 

I don't own any dogecoin yet, please let me know before you issue the special dividend.",2021-09-24 00:42:19,NEGATIVE (0.8006),NEGATIVE,(0.8006)
Own about 250 tsla stocks and thinking of adding more with margin.. your opinion,,1,1.0,pttwfc,TSLA,https://www.reddit.com/r/TSLA/comments/pttwfc/own_about_250_tsla_stocks_and_thinking_of_adding/,2,"Hi,
I'm hesitant about making my position like 20-30% larger by using margin.
I'm very confident in tsla on the long term but.. we know tsla can be volatile.
I fear that if an 2007-2008 like event was to happen I could lose everything even if the borrowed sum isn't that large.. Can you ever see tsla stock crashing 70% or more ? maybe 30% margin is too much but what is your personnal opinion about 20% ? I mean 100% current position + 20%",2021-09-23 12:15:17,POSITIVE (0.8779),POSITIVE,(0.8779)
Best Lithium and Phosphate stocks to buy or stay on the lookout for!! (TSLA listed),,1,1.0,pt0alm,TSLA,https://youtu.be/Xxp0JJ2d0D4,0,,2021-09-22 04:55:01,POSITIVE (1.0),POSITIVE,(1.0)
Best Lithium and Phosphate stocks to buy or stay on the lookout for!!,,1,1.0,pt0a87,TSLA,https://youtu.be/Xxp0JJ2d0D4,0,,2021-09-22 04:54:20,POSITIVE (1.0),POSITIVE,(1.0)
Tsla down but Nikola up…,,1,1.0,prxonu,TSLA,https://www.reddit.com/r/TSLA/comments/prxonu/tsla_down_but_nikola_up/,5,How is it that the whole market is down but Nikola are up?,2021-09-20 15:55:28,NEGATIVE (0.9435),NEGATIVE,(0.9435)
Bought my model 3 today 🥳🥳🥳,,1,1.0,ppslql,TSLA,https://www.reddit.com/r/TSLA/comments/ppslql/bought_my_model_3_today/,6,Bought my model 3 today !! Now I have equal amount in $TSLA and TSLA 😂😂.,2021-09-17 03:41:55,POSITIVE (0.8677),POSITIVE,(0.8677)
TSLA covered calls,,1,1.0,pp1u82,TSLA,https://www.reddit.com/r/TSLA/comments/pp1u82/tsla_covered_calls/,9,Could one make a living selling weekly covered calls on TSLA ? Are there people out there doing this already?,2021-09-15 23:42:50,NEGATIVE (0.6276),NEGATIVE,(0.6276)
Tesla's Full Self Driving makes its way to Canada,,1,1.0,pozlg5,TSLA,https://www.teslarati.com/tesla-full-self-driving-fsd-beta-canada-video/,2,,2021-09-15 21:37:38,POSITIVE (0.9983),POSITIVE,(0.9983)
Innovative use of AI/ML for EV Metals Mining,,1,1.0,pmf8k7,TSLA,https://www.reddit.com/r/TSLA/comments/pmf8k7/innovative_use_of_aiml_for_ev_metals_mining/,0,"https://www.businessinsider.com/bill-gates-jeff-bezos-tesla-back-electric-vehicle-metal-search-2021-9

https://www.newsfilecorp.com/release/95730/GoldSpot-Discoveries-Critical-Elements-Identify-LithiumTantalum-Targets-in-the-Nemiscau-Belt-Using-Artificial-Intelligence?k=Goldspot

$SPOT.V $SPOFF trades publicly on OTCX",2021-09-11 20:54:57,POSITIVE (0.9999),POSITIVE,(0.9999)
Cathy W pump then dump ?,,1,1.0,plyhmh,TSLA,https://www.reddit.com/r/TSLA/comments/plyhmh/cathy_w_pump_then_dump/,12,"

She said TSLA value will be $3000 few days back. Today she dumped it.
DID SHE PUMP THEN DUMP?  She is a fund manager,  she shouldn't do that !!!",2021-09-11 02:01:21,NEGATIVE (0.9992),NEGATIVE,(0.9992)
For anyone holding TSLA stock,,1,1.0,plf5sr,TSLA,https://www.reddit.com/r/TSLA/comments/plf5sr/for_anyone_holding_tsla_stock/,2,"We’ve got a community over 10,000 if anyone wants to come thru for TSLA EV Community :) https://discord.gg/GctqQBd6e4",2021-09-10 05:55:28,POSITIVE (0.5247),POSITIVE,(0.5247)
