"Good start, i tried this before but the algo gave lot of false positives to the extent that i gave it up. 

It did catch winners like  FSLY at 65,PLTR at 23, DIS at 125 etc but again lot of false positives in small cap sector. It was simply not possible to build a consistent trading strategy around this.

I used LDA on Twitter data set with Russel 1000 tickers.

I am not sure if scraping reddit had given additional benefit. Happy to trade notes on my data and backtests",2021-01-17,51,investing
"Good start, i tried this before but the algo gave lot of false positives to the extent that i gave it up. 

It did catch winners like  FSLY at 65,PLTR at 23, DIS at 125 etc but again lot of false positives in small cap sector. It was simply not possible to build a consistent trading strategy around this.

I used LDA on Twitter data set with Russel 1000 tickers.

I am not sure if scraping reddit had given additional benefit. Happy to trade notes on my data and backtests",2021-01-17,51,investing
WHY DID THE RECENT CHROME UPDATE RUINED MY LAPTOP!? No matter how many time I uninstall and reinstall nothing changes... chrome is broken and I've used it for years! Very upsetting when you cant access all my saved content and bookmarks.. please help.  ,21/4/2021,1,google
PEOPLE PLEASE RESPOND ASAP THANK YOU HI HEY HI THERE SORRY FOR THE TITLE BUT UH SOMEONE TELL ME IF YOU CLICK ON SOMEONES VIDEO ON GOOGLE MEET AND PRESS RECORD ON IPHONE I READ ON GOOGLE THAT IT NOTIFIES THE USER WHEN YOU START RECORDING OH MY GOD GUYS DID THIS PERSON GET NOTIFIED WHEN I STARTED RECORDING THEM IS THAT WHY THEY TIRNED THEIR CAMERA OFF?  IM GONE OM RUINED IMM DEAD IM DECEASED NOOOLOO.  IM NOT SURE IF GOOGLE MEET HAS A BUILT IN RECORDER THAT NOTIFIES USERS OR WHAT AND NOT REFERRING TO IPHONE RECORDING SOFTWARE??? IdK,10/3/2021,1,google
CONSTRUINDO GLÚTEOS INCRÍVEIS COM ESSES EXERCÍCIOS  ,11/11/2020,1,google
"Peter Theil's VC fund (Founders Fund) has also put money into a VERY similar company Peter Theil's VC fund (Founders Fund) has also put money into a VERY similar company called ANDURIL.

ANDURIL is a company that ""builds cutting-edge hardware and software products that solve complex national security challenges for America and its allies."" The companies proprietary defense software is called Lattice which uses AI and other buzz words to collect data from its products and integrate it into a real-time picture. Basically, they have drones that can operate without humans using Machine learning and AI. [Companies website if you want to see for yourself](https://www.anduril.com/)

Here's how they describe it:

    ""At the core of all our products is Lattice, an AI software backbone that uses sensor fusion, machine learning, and mesh networking to integrate real-time data from Anduril hardware and third-party systems into a single, autonomous operating picture.""

The company consists of PLTR engineers, founder of Oculus, Tesla engineers, and the list goes on. My biggest issue is that ANDURIL could very well have the brainpower to do what PLTR is doing and we're just bag holding Perter's exit. Why would Thiel put money into ANDURIL when PLTR could've been an add-on to ANDURIL and do the software part for them. ANDURIL is basically a hyper-specialized use of PLTR's Gotham (Yes I know Gotham is more than that, I've seen the demo video too) but what's really stopping ANDURIL to be a provider of the hardware for kind of drones and towers AS WELL AS THEIR software. If that's the case PLTR could face a lot more competition than expected hence making it less attractive to future investors. Did we just get played by Founders fund?

&amp;#x200B;

TLDR: A company called ANDRUIL has similar tech to PLTR but it's more specialized, their current focus to build a ""software-driven Defense Dept"". WHICH IS KINDA CLOSE TO WHAT PLTR IS DOING WITH GOTHAM. 

Here is an interesting article I found: [Silicon Valley tech start-up Anduril raises $200 million to create a software-driven Defense Dept. contractor](https://www.washingtonpost.com/business/2020/07/01/silicon-valley-tech-start-up-anduril-raises-200-million-create-software-driven-defense-company/)

&amp;#x200B;

As you can see I haven't really dived deep into this one so please tell me if I'm missing something here.",27/2/2021,10,PLTR
"Is it today that pltr will ne added to the Russel 1000
Thanks",25/6/2021,2,PLTR
Stupid fat hobits' YOU RUINs ITTTTT!,15/6/2021,5,PLTR
OMG MY LIFE RUIN,18/2/2021,1,PLTR
WHYYYYYY MY LIFE RUIN!!,18/2/2021,1,PLTR
